"Subscription","SubscriptionId","ResourceGroup","VM","Region","CurrentSku","Role","Variant","CandidateSku","QuotaFamily","Generation","CpuVendor","CpuArchitecture","vCPU","MemoryGB","TempDiskGB","Availability","Score","Band","Rejected","RejectionReason","ReviewGates","VendorPreserved","FamilyMatch","CapacityHeadroomPct","ExistingRecommendationCandidate","ModernizationCandidate","S_CpuVendor","S_Architecture","S_Family","S_vCpu","S_Memory","S_MemPerVcpu","S_Storage","S_DiskThroughput","S_Network","S_NicDiskLimits","S_ZoneRegion","S_Other"
"contoso-prod","11111111-1111-1111-1111-111111111111","rg-app","vm-ds3v2","eastus2","Standard_DS3_v2","Primary","Closest size","Standard_D4ds_v5","standardDDSv5Family","5","Intel","x64","4","16","150","Available","93","Excellent Match","False","","","True","Same","0","True","False","20","10","10","10","10","3","10","1","4","5","5","5"
"contoso-prod","11111111-1111-1111-1111-111111111111","rg-app","vm-ds3v2","eastus2","Standard_DS3_v2","Secondary","Closest size","Standard_D4s_v5","standardDSv5Family","5","Intel","x64","4","16","0","Available","90","Excellent Match","False","","Temp / Local Disk","True","Same","0","True","False","20","10","10","10","10","3","7","1","4","5","5","5"
"contoso-prod","11111111-1111-1111-1111-111111111111","rg-app","vm-ds3v2","eastus2","Standard_DS3_v2","Third","Capability-preserving","Standard_D8s_v5","standardDSv5Family","5","Intel","x64","8","32","0","Available","84","Good Match","False","","Temp / Local Disk","True","Same","100","True","False","20","10","10","6","3","3","7","5","5","5","5","5"
"contoso-prod","11111111-1111-1111-1111-111111111111","rg-app","vm-ds3v2","eastus2","Standard_DS3_v2","Candidate","Closest size","Standard_D4as_v5","standardDASv5Family","5","AMD","x64","4","16","0","Available","70","Acceptable with Review","False","","CPU Vendor, Temp / Local Disk","False","Same","0","True","False","0","10","10","10","10","3","7","1","4","5","5","5"
"contoso-prod","11111111-1111-1111-1111-111111111111","rg-app","vm-ds3v2","eastus2","Standard_DS3_v2","Candidate","Closest size","Standard_D4s_v6","standardDSv6Family","6","Intel","x64","4","16","0","Available","91","Excellent Match","True","VM Generation: VM is V1; target supports V2 only - in-place resize not possible (Gen1->Gen2 conversion or rebuild required) | Disk Controller: VM uses SCSI; target supports NVMe only - controller conversion required (validate OS NVMe driver support)","Temp / Local Disk","True","Same","0","True","True","20","10","10","10","10","3","7","5","4","5","5","2"
"contoso-prod","11111111-1111-1111-1111-111111111111","rg-app","vm-dealloc","eastus2","Standard_DS3_v2","Primary","Closest size","Standard_D4ds_v5","standardDDSv5Family","5","Intel","x64","4","16","150","Available","93","Excellent Match","False","","","True","Same","0","True","False","20","10","10","10","10","3","10","1","4","5","5","5"
"contoso-prod","11111111-1111-1111-1111-111111111111","rg-app","vm-dealloc","eastus2","Standard_DS3_v2","Secondary","Closest size","Standard_D4s_v5","standardDSv5Family","5","Intel","x64","4","16","0","Available","90","Excellent Match","False","","Temp / Local Disk","True","Same","0","True","False","20","10","10","10","10","3","7","1","4","5","5","5"
"contoso-prod","11111111-1111-1111-1111-111111111111","rg-app","vm-dealloc","eastus2","Standard_DS3_v2","Third","Capability-preserving","Standard_D8s_v5","standardDSv5Family","5","Intel","x64","8","32","0","Available","84","Good Match","False","","Temp / Local Disk","True","Same","100","True","False","20","10","10","6","3","3","7","5","5","5","5","5"
"contoso-prod","11111111-1111-1111-1111-111111111111","rg-app","vm-dealloc","eastus2","Standard_DS3_v2","Candidate","Closest size","Standard_D4as_v5","standardDASv5Family","5","AMD","x64","4","16","0","Available","70","Acceptable with Review","False","","CPU Vendor, Temp / Local Disk","False","Same","0","True","False","0","10","10","10","10","3","7","1","4","5","5","5"
"contoso-prod","11111111-1111-1111-1111-111111111111","rg-app","vm-dealloc","eastus2","Standard_DS3_v2","Candidate","Closest size","Standard_D4s_v6","standardDSv6Family","6","Intel","x64","4","16","0","Available","91","Excellent Match","True","VM Generation: VM is V1; target supports V2 only - in-place resize not possible (Gen1->Gen2 conversion or rebuild required) | Disk Controller: VM uses SCSI; target supports NVMe only - controller conversion required (validate OS NVMe driver support)","Temp / Local Disk","True","Same","0","True","True","20","10","10","10","10","3","7","5","4","5","5","2"
"contoso-prod","11111111-1111-1111-1111-111111111111","rg-app","vm-d4sv3","eastus2","Standard_D4s_v3","Primary","Closest size","Standard_D4ds_v5","standardDDSv5Family","5","Intel","x64","4","16","150","Available","100","Excellent Match","False","","","True","Same","0","True","False","20","10","10","10","10","5","10","5","5","5","5","5"
"contoso-prod","11111111-1111-1111-1111-111111111111","rg-app","vm-d4sv3","eastus2","Standard_D4s_v3","Secondary","Closest size","Standard_D4s_v5","standardDSv5Family","5","Intel","x64","4","16","0","Available","97","Excellent Match","False","","Temp / Local Disk","True","Same","0","True","False","20","10","10","10","10","5","7","5","5","5","5","5"
"contoso-prod","11111111-1111-1111-1111-111111111111","rg-app","vm-d4sv3","eastus2","Standard_D4s_v3","Candidate","Closest size","Standard_D4as_v5","standardDASv5Family","5","AMD","x64","4","16","0","Available","77","Acceptable with Review","False","","CPU Vendor, Temp / Local Disk","False","Same","0","True","False","0","10","10","10","10","5","7","5","5","5","5","5"
"contoso-prod","11111111-1111-1111-1111-111111111111","rg-app","vm-d4sv3","eastus2","Standard_D4s_v3","Candidate","Closest size","Standard_D4s_v6","standardDSv6Family","6","Intel","x64","4","16","0","Available","96","Excellent Match","True","Disk Controller: VM uses SCSI; target supports NVMe only - controller conversion required (validate OS NVMe driver support)","Temp / Local Disk","True","Same","0","True","True","20","10","10","10","10","5","7","5","5","5","5","4"
"contoso-prod","11111111-1111-1111-1111-111111111111","rg-app","vm-zonal","eastus2","Standard_D4s_v3","Primary","Closest size","Standard_D4ds_v5","standardDDSv5Family","5","Intel","x64","4","16","150","Available","100","Excellent Match","False","","","True","Same","0","True","False","20","10","10","10","10","5","10","5","5","5","5","5"
"contoso-prod","11111111-1111-1111-1111-111111111111","rg-app","vm-zonal","eastus2","Standard_D4s_v3","Secondary","Closest size","Standard_D4s_v5","standardDSv5Family","5","Intel","x64","4","16","0","Available","97","Excellent Match","False","","Temp / Local Disk","True","Same","0","True","False","20","10","10","10","10","5","7","5","5","5","5","5"
"contoso-prod","11111111-1111-1111-1111-111111111111","rg-app","vm-zonal","eastus2","Standard_D4s_v3","Candidate","Closest size","Standard_D4as_v5","standardDASv5Family","5","AMD","x64","4","16","0","Available","77","Acceptable with Review","False","","CPU Vendor, Temp / Local Disk","False","Same","0","True","False","0","10","10","10","10","5","7","5","5","5","5","5"
"contoso-prod","11111111-1111-1111-1111-111111111111","rg-app","vm-zonal","eastus2","Standard_D4s_v3","Candidate","Closest size","Standard_D4s_v6","standardDSv6Family","6","Intel","x64","4","16","0","Available","94","Excellent Match","True","VM Generation: VM is V1; target supports V2 only - in-place resize not possible (Gen1->Gen2 conversion or rebuild required) | Disk Controller: VM uses SCSI; target supports NVMe only - controller conversion required (validate OS NVMe driver support)","Temp / Local Disk","True","Same","0","True","True","20","10","10","10","10","5","7","5","5","5","5","2"
"contoso-prod","11111111-1111-1111-1111-111111111111","rg-app","vm-d4sv5","eastus2","Standard_D4s_v5","Candidate","Closest size","Standard_D4s_v6","standardDSv6Family","6","Intel","x64","4","16","0","Available","99","Excellent Match","True","Disk Controller: VM uses SCSI; target supports NVMe only - controller conversion required (validate OS NVMe driver support)","","True","Same","0","True","True","20","10","10","10","10","5","10","5","5","5","5","4"
"contoso-prod","11111111-1111-1111-1111-111111111111","rg-app","vm-b2ms","eastus2","Standard_B2ms","Primary","Closest size","Standard_B2s_v2","standardBsv2Family","2","Intel","x64","2","8","0","Available","97","Excellent Match","False","","Temp / Local Disk","True","Same","0","True","False","20","10","10","10","10","5","7","5","5","5","5","5"
"contoso-prod","11111111-1111-1111-1111-111111111111","rg-app","vm-b2ms","eastus2","Standard_B2ms","Secondary","Closest size","Standard_D4ls_v5","standardDLSv5Family","5","Intel","x64","4","8","0","Available","84","Good Match","False","","Temp / Local Disk","True","Recommended","0","True","False","20","10","8","6","10","1","7","2.5","5","5","5","5"
